Date,Close,returns,z_score,Signal,StrategyReturn,CumulativeStrategyReturn,CumulativeBuyHoldReturn
2022-09-12,45.29999923706055,-0.0562500158945719,-2.4335368569806866,,,,0.9437499841054281
2022-09-13,45.0,-0.006622499825896577,-2.1806002593522003,1.0,-0.006622499825896577,0.9933775001741034,0.9375
2022-09-14,40.79999923706055,-0.09333335028754342,-2.4447669171667497,1.0,-0.09333335028754342,0.9006622499825896,0.8499999841054281
2022-09-15,42.900001525878906,0.051470645296258555,-1.8038371271739861,1.0,0.051470645296258555,0.9470199171831736,0.893750031789144
2022-09-16,42.29999923706055,-0.01398606684096304,-1.6607398884752465,1.0,-0.01398606684096304,0.9337748333217264,0.8812499841054282
2022-09-19,43.79999923706055,0.03546099354738996,-1.2882214921888957,0.0,0.0,0.9337748333217264,0.9124999841054283
2022-09-20,42.900001525878906,-0.02054789330727025,-1.2790959196786735,0.0,-0.0,0.9337748333217264,0.8937500317891441
2022-09-21,47.70000076293945,0.11188809012430934,-0.4818912674000226,0.0,0.0,0.9337748333217264,0.9937500158945722
2022-09-22,45.0,-0.05660378867409199,-0.8171540850802219,0.0,-0.0,0.9337748333217264,0.9375000000000003
2022-09-23,41.099998474121094,-0.08666670057508685,-1.2955334605762143,0.0,-0.0,0.9337748333217264,0.8562499682108564
2022-09-26,41.400001525878906,0.007299344596003232,-1.1315653616036876,0.0,0.0,0.9337748333217264,0.8625000317891443
2022-09-27,41.400001525878906,0.0,-1.0321078899259677,0.0,0.0,0.9337748333217264,0.8625000317891443
2022-09-28,39.29999923706055,-0.05072469109706823,-1.256269940385788,0.0,-0.0,0.9337748333217264,0.8187499841054284
2022-09-29,38.400001525878906,-0.02290070556370205,-1.2866171202550143,0.0,-0.0,0.9337748333217264,0.8000000317891443
2022-09-30,39.0,0.015624959642690062,-1.109627438278038,0.0,0.0,0.9337748333217264,0.8125000000000004
2022-10-03,31.5,-0.1923076923076923,-2.193212160698803,0.0,-0.0,0.9337748333217264,0.6562500000000003
2022-10-04,29.700000762939453,-0.05714283292255706,-2.2630619326371733,1.0,-0.05714283292255706,0.8804162940339344,0.6187500158945722
2022-10-05,30.299999237060547,0.020201968306673868,-1.956014418899058,1.0,0.020201968306673868,0.8982024361026872,0.6312499841054283
2022-10-06,30.299999237060547,0.0,-1.7622720904290319,1.0,0.0,0.8982024361026872,0.6312499841054283
2022-10-07,29.100000381469727,-0.039603923623967474,-1.7396433074537276,1.0,-0.039603923623967474,0.8626300954244149,0.6062500079472862
2022-10-10,24.600000381469727,-0.15463917323057863,-2.086619807028075,0.0,-0.0,0.8626300954244149,0.5125000079472861
2022-10-11,24.299999237060547,-0.012195168282808644,-1.8344026439050192,1.0,-0.012195168282808644,0.8521101762448989,0.5062499841054282
2022-10-12,22.799999237060547,-0.06172839699979549,-1.7589432637415203,1.0,-0.06172839699979549,0.7995107809980881,0.4749999841054282
2022-10-13,20.399999618530273,-0.10526314468595088,-1.7819500176883296,0.0,-0.0,0.7995107809980881,0.42499999205271416
2022-10-14,24.299999237060547,0.19117645546364237,-1.1824068012383098,1.0,0.19117645546364237,0.952358418214271,0.5062499841054282
2022-10-17,24.299999237060547,0.0,-1.0704853630639226,0.0,0.0,0.952358418214271,0.5062499841054282
2022-10-18,22.799999237060547,-0.06172839699979549,-1.1281585846846034,0.0,-0.0,0.952358418214271,0.4749999841054282
2022-10-19,23.399999618530273,0.026315807085398824,-0.982562048321254,0.0,0.0,0.952358418214271,0.48749999205271416
2022-10-20,22.5,-0.0384615227864179,-1.01651697609972,0.0,-0.0,0.952358418214271,0.46875000000000017
2022-10-21,21.899999618530273,-0.026666683620876763,-1.0043172588201388,0.0,-0.0,0.952358418214271,0.45624999205271416
2022-10-24,20.700000762939453,-0.054794469246267186,-1.086392661010468,0.0,-0.0,0.952358418214271,0.43125001589457207
2022-10-25,20.100000381469727,-0.02898552460654713,-1.1092652194535109,0.0,-0.0,0.952358418214271,0.4187500079472861
2022-10-26,20.700000762939453,0.02985076468072445,-0.9509424711419922,0.0,0.0,0.952358418214271,0.43125001589457207
2022-10-27,21.600000381469727,0.04347824083859941,-0.7380337252712997,0.0,0.0,0.952358418214271,0.4500000079472861
2022-10-28,21.600000381469727,0.0,-0.7367552852154474,0.0,0.0,0.952358418214271,0.4500000079472861
2022-10-31,22.799999237060547,0.05555550159250355,-0.3329632201569469,0.0,0.0,0.952358418214271,0.4749999841054282
2022-11-01,23.700000762939453,0.03947375245592055,0.02958135068782078,0.0,0.0,0.952358418214271,0.49375001589457207
2022-11-02,26.399999618530273,0.11392399867821545,1.1070130932999291,0.0,0.0,0.952358418214271,0.5499999920527141
2022-11-03,31.5,0.1931818354228314,2.800318088431647,0.0,0.0,0.952358418214271,0.6562500000000001
2022-11-04,27.899999618530273,-0.11428572639586432,1.6296733033205435,-1.0,0.11428572639586432,1.0611993918291054,0.5812499920527141
2022-11-07,29.100000381469727,0.0430107806217479,1.805238623939288,-1.0,-0.0430107806217479,1.0155563775912115,0.6062500079472861
2022-11-08,30.299999237060547,0.04123707353471229,1.8865981784515373,-1.0,-0.04123707353471229,0.9736778045698367,0.6312499841054283
2022-11-09,31.200000762939453,0.029703021403977292,1.8356462034737204,-1.0,-0.029703021403977292,0.9447566319001212,0.6500000158945722
2022-11-10,32.099998474121094,0.028846079781212453,1.7970760753646158,-1.0,-0.028846079781212453,0.9175041067225007,0.6687499682108564
2022-11-11,30.899999618530273,-0.03738314369573115,1.3414939414333882,-1.0,0.03738314369573115,0.9518032945855313,0.6437499920527143
2022-11-14,30.600000381469727,-0.009708713293337445,1.151803581363784,0.0,-0.0,0.9518032945855313,0.6375000079472862
2022-11-15,31.200000762939453,0.019607855359147885,1.1610726570182694,0.0,0.0,0.9518032945855313,0.6500000158945722
2022-11-16,23.399999618530273,-0.2500000305664838,-0.5838920421623505,0.0,-0.0,0.9518032945855313,0.4874999920527142
2022-11-17,25.200000762939453,0.0769231270834625,-0.21483990365201916,0.0,0.0,0.9518032945855313,0.5250000158945721
2022-11-18,24.299999237060547,-0.03571434518377081,-0.45607203172511224,0.0,-0.0,0.9518032945855313,0.5062499841054282
2022-11-21,24.299999237060547,0.0,-0.5186762052860462,0.0,0.0,0.9518032945855313,0.5062499841054282
2022-11-22,24.299999237060547,0.0,-0.6044537366074871,0.0,0.0,0.9518032945855313,0.5062499841054282
2022-11-23,22.200000762939453,-0.086419693006341,-1.1957673585149944,0.0,-0.0,0.9518032945855313,0.46250001589457207
2022-11-25,22.200000762939453,0.0,-1.2167275017076606,0.0,0.0,0.9518032945855313,0.46250001589457207
2022-11-28,22.799999237060547,0.027026957364917115,-1.095490251375873,0.0,0.0,0.9518032945855313,0.47499998410542815
2022-11-29,20.100000381469727,-0.11842100640082798,-1.7017763871549814,0.0,-0.0,0.9518032945855313,0.41875000794728606
2022-11-30,20.100000381469727,0.0,-1.56489339479131,0.0,0.0,0.9518032945855313,0.41875000794728606
2022-12-01,18.0,-0.10447762893605339,-1.7912383499086302,0.0,-0.0,0.9518032945855313,0.3750000000000001
2022-12-02,18.0,0.0,-1.5873964420449682,1.0,0.0,0.9518032945855313,0.3750000000000001
2022-12-05,16.799999237060547,-0.06666670905219185,-1.6096629844925858,0.0,-0.0,0.9518032945855313,0.34999998410542815
2022-12-06,15.600000381469727,-0.07142850655276467,-1.6179556305367377,0.0,-0.0,0.9518032945855313,0.32500000794728606
2022-12-07,15.0,-0.03846156197421824,-1.5371366088456417,0.0,-0.0,0.9518032945855313,0.3125000000000001
2022-12-08,13.800000190734863,-0.07999998728434243,-1.574489689648613,0.0,-0.0,0.9518032945855313,0.2875000039736431
2022-12-09,13.800000190734863,0.0,-1.4493173762311098,0.0,0.0,0.9518032945855313,0.2875000039736431
2022-12-12,13.5,-0.02173914395568488,-1.3883017256172991,0.0,-0.0,0.9518032945855313,0.2812500000000001
2022-12-13,12.0,-0.11111111111111116,-1.5542613908370562,0.0,-0.0,0.9518032945855313,0.2500000000000001
2022-12-14,10.800000190734863,-0.0999999841054281,-1.7166770521547745,0.0,-0.0,0.9518032945855313,0.2250000039736431
2022-12-15,11.399999618530273,0.05555550159250355,-1.4146551490952592,0.0,0.0,0.9518032945855313,0.23749999205271413
2022-12-16,10.5,-0.07894733760055195,-1.449293812059418,0.0,-0.0,0.9518032945855313,0.2187500000000001
2022-12-19,9.300000190734863,-0.11428569612048922,-1.527258694889958,0.0,-0.0,0.9518032945855313,0.1937500039736431
2022-12-20,8.399999618530273,-0.09677425309100707,-1.5500917294607712,0.0,-0.0,0.9518032945855313,0.17499999205271413
2022-12-21,9.300000190734863,0.10714293012813969,-1.2642322303204654,0.0,0.0,0.9518032945855313,0.1937500039736431
2022-12-22,8.100000381469727,-0.1290322349090528,-1.3860806732711586,0.0,-0.0,0.9518032945855313,0.16875000794728606
2022-12-23,8.399999618530273,0.037036941102725374,-1.2209041760764157,0.0,0.0,0.9518032945855313,0.17499999205271413
2022-12-27,6.300000190734863,-0.24999994323366903,-1.5962072245602017,0.0,-0.0,0.9518032945855313,0.13125000397364306
2022-12-28,5.400000095367432,-0.14285715366977647,-1.647324216701789,0.0,-0.0,0.9518032945855313,0.11250000198682156
2022-12-29,6.599999904632568,0.2222221829763662,-1.2744008093942774,0.0,0.0,0.9518032945855313,0.13749999801317858
2022-12-30,6.900000095367432,0.045454575010568155,-1.105907795089862,0.0,0.0,0.9518032945855313,0.14375000198682159
2023-01-03,8.100000381469727,0.17391308253864501,-0.713591337336842,0.0,0.0,0.9518032945855313,0.16875000794728606
2023-01-04,7.800000190734863,-0.03703705884028974,-0.7341362702593895,0.0,-0.0,0.9518032945855313,0.16250000397364306
2023-01-05,6.599999904632568,-0.1538461867639056,-1.0485881677384448,0.0,-0.0,0.9518032945855313,0.13749999801317855
2023-01-06,8.399999618530273,0.27272723331924253,-0.3383478372186428,0.0,0.0,0.9518032945855313,0.17499999205271408
2023-01-09,9.899999618530273,0.17857143668090436,0.35138195067081884,0.0,0.0,0.9518032945855313,0.20624999205271408
2023-01-10,10.5,0.06060610147364853,0.7566553931533082,0.0,0.0,0.9518032945855313,0.21875000000000006
2023-01-11,10.800000190734863,0.028571446736653572,1.0861919142982213,0.0,0.0,0.9518032945855313,0.22500000397364303
2023-01-12,10.800000190734863,0.0,1.1765794581899447,0.0,0.0,0.9518032945855313,0.22500000397364303
2023-01-13,11.399999618530273,0.05555550159250355,1.4637545903786382,0.0,0.0,0.9518032945855313,0.23749999205271408
2023-01-17,11.100000381469727,-0.0263157234297543,1.3226751025159684,0.0,-0.0,0.9518032945855313,0.231250007947286
2023-01-18,10.800000190734863,-0.02702704328151928,1.1362393913527555,0.0,-0.0,0.9518032945855313,0.22500000397364303
2023-01-19,10.800000190734863,0.0,1.0627424776812997,0.0,0.0,0.9518032945855313,0.22500000397364303
2023-01-20,10.5,-0.027777794947839718,0.8302344237675943,0.0,-0.0,0.9518032945855313,0.21875000000000006
2023-01-23,10.199999809265137,-0.028571446736653683,0.6416315257615073,0.0,-0.0,0.9518032945855313,0.21249999602635705
2023-01-24,9.600000381469727,-0.05882347441324487,0.29050150822811954,0.0,-0.0,0.9518032945855313,0.200000007947286
2023-01-25,9.300000190734863,-0.031250018626450715,0.11023107511834573,0.0,-0.0,0.9518032945855313,0.19375000397364303
2023-01-26,9.300000190734863,0.0,0.033549924208060904,0.0,0.0,0.9518032945855313,0.19375000397364303
2023-01-27,10.199999809265137,0.09677415054538385,0.4637824890614505,0.0,0.0,0.9518032945855313,0.21249999602635708
2023-01-30,10.199999809265137,0.0,0.3850529472815462,0.0,0.0,0.9518032945855313,0.21249999602635708
2023-01-31,10.5,0.029411783955364257,0.5269316641113274,0.0,0.0,0.9518032945855313,0.21875000000000006
2023-02-01,9.600000381469727,-0.08571424938383554,-0.265597478703512,0.0,-0.0,0.9518032945855313,0.20000000794728603
2023-02-02,10.199999809265137,0.06249993791183073,0.15317934703737013,0.0,0.0,0.9518032945855313,0.21249999602635705
2023-02-03,9.600000381469727,-0.05882347441324487,-0.8069516206529886,0.0,-0.0,0.9518032945855313,0.200000007947286
2023-02-06,10.199999809265137,0.06249993791183073,-0.1268928697943966,0.0,0.0,0.9518032945855313,0.21249999602635702
2023-02-07,10.199999809265137,0.0,-0.1538971954808008,0.0,0.0,0.9518032945855313,0.21249999602635702
2023-02-08,9.600000381469727,-0.05882347441324487,-1.0711308292956754,0.0,-0.0,0.9518032945855313,0.20000000794728598
2023-02-09,9.0,-0.06250003725290154,-1.7833776726813564,0.0,-0.0,0.9518032945855313,0.1875
2023-02-10,9.0,0.0,-1.5715612771419427,1.0,0.0,0.9518032945855313,0.1875
2023-02-13,7.199999809265137,-0.2000000211927626,-3.063634697601795,0.0,-0.0,0.9518032945855313,0.149999996026357
2023-02-14,7.199999809265137,0.0,-2.459482429314352,1.0,0.0,0.9518032945855313,0.149999996026357
2023-02-15,6.900000095367432,-0.041666628034025543,-2.2558039472376246,1.0,-0.041666628034025543,0.9121448607484759,0.14375000198682147
2023-02-16,7.199999809265137,0.04347821880453617,-1.7405085574392827,1.0,0.04347821880453617,0.9518032945855313,0.149999996026357
2023-02-17,6.599999904632568,-0.08333332229543589,-1.91157838430233,0.0,-0.0,0.9518032945855313,0.1374999980131785
2023-02-21,6.300000190734863,-0.04545450276251273,-1.8342301260965181,1.0,-0.04545450276251273,0.9085395491024245,0.13125000397364298
2023-02-22,6.300000190734863,0.0,-1.6018912735525832,1.0,0.0,0.9085395491024245,0.13125000397364298
2023-02-23,6.0,-0.04761907645273733,-1.576363749164976,0.0,-0.0,0.9085395491024245,0.12499999999999999
2023-02-24,5.699999809265137,-0.05000003178914392,-1.5457782544853247,0.0,-0.0,0.9085395491024245,0.118749996026357
2023-02-27,5.699999809265137,0.0,-1.3816966741668943,0.0,0.0,0.9085395491024245,0.118749996026357
2023-02-28,6.599999904632568,0.15789475885674853,-0.7908547291552395,0.0,0.0,0.9085395491024245,0.13749999801317847
2023-03-01,6.599999904632568,0.0,-0.711892704686378,0.0,0.0,0.9085395491024245,0.13749999801317847
2023-03-02,6.300000190734863,-0.04545450276251273,-0.805590772627756,0.0,-0.0,0.9085395491024245,0.13125000397364295
2023-03-03,5.699999809265137,-0.09523815290547466,-1.0773612592052724,0.0,-0.0,0.9085395491024245,0.11874999602635698
2023-03-06,6.0,0.05263161417079765,-0.8033054661372953,0.0,0.0,0.9085395491024245,0.12499999999999996
2023-03-07,6.0,0.0,-0.7388959143722448,0.0,0.0,0.9085395491024245,0.12499999999999996
2023-03-08,5.699999809265137,-0.05000003178914392,-0.9298424078347708,0.0,-0.0,0.9085395491024245,0.11874999602635697
2023-03-09,5.400000095367432,-0.052631530515153124,-1.1792844802836269,0.0,-0.0,0.9085395491024245,0.11250000198682145
2023-03-10,5.400000095367432,0.0,-1.1736962621028406,0.0,0.0,0.9085395491024245,0.11250000198682145
2023-03-13,6.300000190734863,0.16666668138386265,0.07784338030596753,0.0,0.0,0.9085395491024245,0.13125000397364292
2023-03-14,5.699999809265137,-0.09523815290547466,-0.8800697852118352,0.0,-0.0,0.9085395491024245,0.11874999602635695
2023-03-15,5.699999809265137,0.0,-0.8117538626984467,0.0,0.0,0.9085395491024245,0.11874999602635695
2023-03-16,6.300000190734863,0.10526322834159552,0.4833290657147204,0.0,0.0,0.9085395491024245,0.13125000397364292
2023-03-17,5.400000095367432,-0.14285715366977647,-1.4377643293353775,0.0,-0.0,0.9085395491024245,0.11250000198682145
2023-03-20,5.099999904632568,-0.05555558989567955,-1.9041838480613957,0.0,-0.0,0.9085395491024245,0.10624999801317846
2023-03-21,4.5,-0.1176470423239735,-2.544809497665253,1.0,-0.1176470423239735,0.8016525583161678,0.09374999999999994
2023-03-22,3.9000000953674316,-0.13333331214057076,-2.726679605878565,1.0,-0.13333331214057076,0.694765567529911,0.08125000198682145
2023-03-23,3.9000000953674316,0.0,-2.206751153652174,1.0,0.0,0.694765567529911,0.08125000198682145
2023-03-24,3.5999999046325684,-0.07692312394843659,-2.130109162898722,1.0,-0.07692312394843659,0.6413220296637018,0.07499999801317846
2023-03-27,3.5999999046325684,0.0,-1.820535935581803,1.0,0.0,0.6413220296637018,0.07499999801317846
2023-03-28,3.0,-0.16666664459087177,-2.0571383206820175,1.0,-0.16666664459087177,0.534435038877445,0.06249999999999995
2023-03-29,3.5999999046325684,0.1999999682108562,-1.3518693523151644,1.0,0.1999999682108562,0.6413220296637018,0.07499999801317846
2023-03-30,3.5999999046325684,0.0,-1.2208348475713138,0.0,0.0,0.6413220296637018,0.07499999801317846
2023-03-31,3.5999999046325684,0.0,-1.1013047953929482,0.0,0.0,0.6413220296637018,0.07499999801317846
2023-04-03,3.5999999046325684,0.0,-0.9972019789304607,0.0,0.0,0.6413220296637018,0.07499999801317846
2023-04-04,3.299999952316284,-0.08333332229543589,-1.1505201684400568,0.0,-0.0,0.6413220296637018,0.06874999900658921
2023-04-05,3.0,-0.09090907777308088,-1.279755619511495,0.0,-0.0,0.6413220296637018,0.06249999999999996
2023-04-06,3.299999952316284,0.09999998410542799,-0.9142038264800338,0.0,0.0,0.6413220296637018,0.06874999900658921
2023-04-10,3.299999952316284,0.0,-0.8261685901245438,0.0,0.0,0.6413220296637018,0.06874999900658921
2023-04-11,3.299999952316284,0.0,-0.7581379852953355,0.0,0.0,0.6413220296637018,0.06874999900658921
2023-04-12,3.5999999046325684,0.09090907777308077,-0.3843594976783513,0.0,0.0,0.6413220296637018,0.07499999801317846
2023-04-13,3.5999999046325684,0.0,-0.30196418389630797,0.0,0.0,0.6413220296637018,0.07499999801317846
2023-04-14,3.9000000953674316,0.08333338852282068,0.2664596092084014,0.0,0.0,0.6413220296637018,0.08125000198682143
2023-04-17,3.9000000953674316,0.0,0.4971465869443463,0.0,0.0,0.6413220296637018,0.08125000198682143
2023-04-18,3.5999999046325684,-0.07692312394843659,0.043632460436850526,0.0,-0.0,0.6413220296637018,0.07499999801317844
2023-04-19,3.299999952316284,-0.08333332229543589,-0.8237544370809466,0.0,-0.0,0.6413220296637018,0.0687499990065892
2023-04-20,3.0,-0.09090907777308088,-1.7015397061161055,0.0,-0.0,0.6413220296637018,0.062499999999999944
2023-04-21,3.299999952316284,0.09999998410542799,-0.5627314333586061,0.0,0.0,0.6413220296637018,0.0687499990065892
2023-04-24,2.700000047683716,-0.18181815554616165,-2.259637162437028,0.0,-0.0,0.6413220296637018,0.0562500009934107
2023-04-25,2.4000000953674316,-0.1111110914881831,-2.4841723063279946,1.0,-0.1111110914881831,0.5700640389523509,0.05000000198682145
2023-04-26,2.700000047683716,0.12499997516473238,-1.5744820816634266,1.0,0.12499997516473238,0.6413220296637018,0.0562500009934107
2023-04-27,2.0999999046325684,-0.2222222712795422,-2.408479471187184,0.0,-0.0,0.6413220296637018,0.04374999801317847
2023-04-28,2.4000000953674316,0.142857240170853,-1.5639585927305328,1.0,0.142857240170853,0.7329395248822281,0.050000001986821446
2023-05-01,2.0999999046325684,-0.12500007450580297,-1.841061313014678,0.0,-0.0,0.7329395248822281,0.04374999801317847
2023-05-02,2.0999999046325684,0.0,-1.6120135121730927,1.0,0.0,0.7329395248822281,0.04374999801317847
2023-05-03,2.0999999046325684,0.0,-1.4291914809397952,0.0,0.0,0.7329395248822281,0.04374999801317847
2023-05-04,2.0999999046325684,0.0,-1.292267524614071,0.0,0.0,0.7329395248822281,0.04374999801317847
2023-05-05,2.0999999046325684,0.0,-1.1639813031375426,0.0,0.0,0.7329395248822281,0.04374999801317847
2023-05-08,2.0999999046325684,0.0,-1.0524696812253727,0.0,0.0,0.7329395248822281,0.04374999801317847
2023-05-09,2.0999999046325684,0.0,-0.9532553445076176,0.0,0.0,0.7329395248822281,0.04374999801317847
2023-05-10,2.0999999046325684,0.0,-0.8632518719889376,0.0,0.0,0.7329395248822281,0.04374999801317847
2023-05-11,1.7999999523162842,-0.14285712663819117,-1.1879328450437534,0.0,-0.0,0.7329395248822281,0.03749999900658922
2023-05-12,1.2000000476837158,-0.33333328918174343,-1.8963482457645167,0.0,-0.0,0.7329395248822281,0.025000000993410727
2023-05-15,1.7000000476837158,0.4166666501098215,-1.0987003918622558,1.0,0.4166666501098215,1.0383309814479904,0.03541666766007739
2023-05-16,1.3899999856948853,-0.18235297252562543,-1.5422133919954268,0.0,-0.0,1.0383309814479904,0.028958333035310087
2023-05-17,1.440000057220459,0.035971274849026624,-1.362790696330652,0.0,0.0,1.0383309814479904,0.030000001192092875
2023-05-18,1.590000033378601,0.10416664597061032,-0.9889812675746061,0.0,0.0,1.0383309814479904,0.0331250006953875
2023-05-19,1.659999966621399,0.04402511432283096,-0.8230812494980817,0.0,0.0,1.0383309814479904,0.03458333263794579
2023-05-22,1.4700000286102295,-0.1144577962841028,-1.198556731729938,0.0,-0.0,1.0383309814479904,0.030625000596046427
2023-05-23,1.340000033378601,-0.08843536918467498,-1.3796158070058286,0.0,-0.0,1.0383309814479904,0.02791666736205417
2023-05-24,1.25,-0.06716420234086118,-1.5284007703161662,0.0,-0.0,1.0383309814479904,0.02604166666666665
2023-05-25,1.190000057220459,-0.04799995422363279,-1.4949147246968297,0.0,-0.0,1.0383309814479904,0.024791667858759546
2023-05-26,1.1699999570846558,-0.016806806028663912,-1.420925469383335,0.0,-0.0,1.0383309814479904,0.02437499910593031
2023-05-30,1.1699999570846558,0.0,-1.2776287805188484,0.0,0.0,1.0383309814479904,0.02437499910593031
2023-05-31,1.1699999570846558,0.0,-1.1566337102804607,0.0,0.0,1.0383309814479904,0.02437499910593031
2023-06-01,1.2300000190734863,0.05128210614497419,-0.9061797351013123,0.0,0.0,1.0383309814479904,0.02562500039736428
2023-06-02,1.3200000524520874,0.07317075770973958,-0.5859248249591568,0.0,0.0,1.0383309814479904,0.027500001092751802
2023-06-05,1.190000057220459,-0.09848484095900978,-0.8790177311664361,0.0,-0.0,1.0383309814479904,0.024791667858759546
2023-06-06,1.059999942779541,-0.10924378839490612,-1.1958110133046376,0.0,-0.0,1.0383309814479904,0.022083332141240423
2023-06-07,1.1100000143051147,0.04716988134401512,-0.9896428247839765,0.0,0.0,1.0383309814479904,0.02312500029802321
2023-06-08,1.2200000286102295,0.09909911070945099,-0.5359049972176205,0.0,0.0,1.0383309814479904,0.025416667262713098
2023-06-09,1.1200000047683716,-0.08196723073504641,-0.9652218963954907,0.0,-0.0,1.0383309814479904,0.023333333432674394
2023-06-12,1.0800000429153442,-0.035714251502436234,-1.116580431800367,0.0,-0.0,1.0383309814479904,0.022500000894069658
2023-06-13,1.0700000524520874,-0.009259250061012025,-1.1188455069912133,0.0,-0.0,1.0383309814479904,0.022291667759418474
2023-06-14,1.2999999523162842,0.21495316690603228,0.2511284006101413,0.0,0.0,1.0383309814479904,0.02708333233992257
2023-06-15,1.1799999475479126,-0.09230769936149663,-0.3923456010850429,0.0,-0.0,1.0383309814479904,0.0245833322405815
2023-06-16,1.2400000095367432,0.05084751242024477,0.09096897124126248,0.0,0.0,1.0383309814479904,0.02583333353201547
2023-06-20,1.2000000476837158,-0.032258033504347416,-0.03992821457617888,0.0,-0.0,1.0383309814479904,0.025000000993410734
2023-06-21,1.2200000286102295,0.0166666501098216,0.3631005900728489,0.0,0.0,1.0383309814479904,0.0254166672627131
2023-06-22,1.1699999570846558,-0.040983664223788296,-0.18480409052841112,0.0,-0.0,1.0383309814479904,0.024374999105930314
2023-06-23,1.1299999952316284,-0.03418800283779255,-0.6768299457539357,0.0,-0.0,1.0383309814479904,0.023541666567325578
2023-06-26,1.1100000143051147,-0.017699098239742916,-0.8880611519276961,0.0,-0.0,1.0383309814479904,0.02312500029802321
2023-06-27,1.1399999856948853,0.02702700090373522,-0.44164712814269214,0.0,0.0,1.0383309814479904,0.023749999701976762
2023-06-28,1.1799999475479126,0.03508768627628123,0.11212581660492002,0.0,0.0,1.0383309814479904,0.024583332240581495
2023-06-29,1.2400000095367432,0.05084751242024477,0.8842431059899489,0.0,0.0,1.0383309814479904,0.025833333532015466
2023-06-30,1.149999976158142,-0.07258067152130476,-0.2986736433665812,0.0,-0.0,1.0383309814479904,0.023958332836627943
2023-07-03,1.1200000047683716,-0.026086932184114286,-0.6516650981538012,0.0,-0.0,1.0383309814479904,0.02333333343267439
2023-07-05,1.1399999856948853,0.017857125751218117,-0.2992767731813061,0.0,0.0,1.0383309814479904,0.02374999970197676
2023-07-06,1.090000033378601,-0.0438596078453517,-1.1492855968933864,0.0,-0.0,1.0383309814479904,0.02270833402872084
2023-07-07,1.090000033378601,0.0,-1.1144330164891292,0.0,0.0,1.0383309814479904,0.02270833402872084
2023-07-10,1.0399999618530273,-0.04587162384811294,-1.6729197863677234,0.0,-0.0,1.0383309814479904,0.021666665871938055
2023-07-11,1.059999942779541,0.0192307515962582,-1.2715230047218218,0.0,0.0,1.0383309814479904,0.02208333214124042
2023-07-12,1.2000000476837158,0.13207557779396217,0.6853902305085967,0.0,0.0,1.0383309814479904,0.025000000993410723
2023-07-13,1.1799999475479126,-0.016666749450892193,0.32246422307316097,0.0,-0.0,1.0383309814479904,0.02458333224058149
2023-07-14,1.2000000476837158,0.016949238156632296,0.8060461031530142,0.0,0.0,1.0383309814479904,0.025000000993410723
2023-07-17,1.190000057220459,-0.0083333250549108,0.6189892275559346,0.0,-0.0,1.0383309814479904,0.02479166785875954
2023-07-18,1.1799999475479126,-0.008403453102266312,0.5265852473764021,0.0,-0.0,1.0383309814479904,0.02458333224058149
2023-07-19,1.190000057220459,0.008474669590729178,0.7263249102858301,0.0,0.0,1.0383309814479904,0.02479166785875954
2023-07-20,1.0700000524520874,-0.1008403352926398,-1.3604839532596482,0.0,-0.0,1.0383309814479904,0.022291667759418467
2023-07-21,1.0499999523162842,-0.018691681453631315,-1.522269844775805,0.0,-0.0,1.0383309814479904,0.021874999006589232
2023-07-24,0.9399999976158142,-0.10476186637705243,-2.592438051638439,0.0,-0.0,1.0383309814479904,0.019583333283662775
2023-07-25,0.8799999952316284,-0.06382978993230626,-2.589732699548289,1.0,-0.06382978993230626,0.9720545330219598,0.01833333323399224
2023-07-26,0.8100000023841858,-0.07954544684857368,-2.546562966616477,1.0,-0.07954544684857368,0.8947320208315463,0.01687500004967052
2023-07-27,0.7599999904632568,-0.061728409597230804,-2.3612417351592985,1.0,-0.061728409597230804,0.8395016361698986,0.015833333134651167
2023-07-28,0.7300000190734863,-0.039473647060816464,-2.1512511379161245,1.0,-0.039473647060816464,0.80636344487675,0.015208333730697616
2023-07-31,0.7599999904632568,0.04109585014510864,-1.6909443628146013,1.0,0.04109585014510864,0.8395016361698985,0.015833333134651167
2023-08-01,0.7300000190734863,-0.039473647060816464,-1.6335657143130526,0.0,-0.0,0.8395016361698985,0.015208333730697616
2023-08-02,0.7099999785423279,-0.027397315080268658,-1.537140549237719,0.0,-0.0,0.8395016361698985,0.014791666219631816
2023-08-03,0.7099999785423279,0.0,-1.3681183319960315,0.0,0.0,0.8395016361698985,0.014791666219631816
2023-08-04,0.699999988079071,-0.014084494035883521,-1.2712502775278354,0.0,-0.0,0.8395016361698985,0.014583333084980632
2023-08-07,0.7699999809265137,0.09999999148505068,-0.84150039104342,0.0,0.0,0.8395016361698985,0.016041666269302354
2023-08-08,0.7599999904632568,-0.012987000923330161,-0.8096521805054397,0.0,-0.0,0.8395016361698985,0.01583333313465117
2023-08-09,0.699999988079071,-0.07894737254879813,-1.0035617220781485,0.0,-0.0,0.8395016361698985,0.014583333084980634
2023-08-10,0.699999988079071,0.0,-0.9135625979655776,0.0,0.0,0.8395016361698985,0.014583333084980634
2023-08-11,0.6800000071525574,-0.028571401810159047,-0.9359800587611553,0.0,-0.0,0.8395016361698985,0.014166666815678266
2023-08-14,0.6800000071525574,0.0,-0.866686521512059,0.0,0.0,0.8395016361698985,0.014166666815678266
2023-08-15,0.6600000262260437,-0.029411736347271344,-0.9341663763607891,0.0,-0.0,0.8395016361698985,0.0137500005463759
2023-08-16,0.699999988079071,0.060606000399351156,-0.6302041532117683,0.0,0.0,0.8395016361698985,0.014583333084980636
2023-08-17,0.7099999785423279,0.014285700905079413,-0.48312090425804055,0.0,0.0,0.8395016361698985,0.014791666219631818
2023-08-18,0.6499999761581421,-0.08450704816550747,-1.2149882437357051,0.0,-0.0,0.8395016361698985,0.013541666169961282
2023-08-21,0.7400000095367432,0.1384615948919734,0.24335533424932448,0.0,0.0,0.8395016361698985,0.015416666865348802
2023-08-22,0.7599999904632568,0.02702700090373522,0.9627273109467737,0.0,0.0,0.8395016361698985,0.01583333313465117
2023-08-23,0.7799999713897705,0.026315764707210976,1.614050343820788,0.0,0.0,0.8395016361698985,0.01624999940395354
2023-08-24,0.8600000143051147,0.1025641613458057,2.80633033147373,-1.0,-0.1025641613458057,0.7533988549077011,0.017916666964689874
2023-08-25,1.1200000047683716,0.30232556527727317,3.7298897931018784,-1.0,-0.30232556527727317,0.52562712021848,0.023333333432674387
2023-08-28,1.100000023841858,-0.017857125751218117,2.6379337453235276,-1.0,0.017857125751218117,0.5350133098024721,0.02291666716337202
2023-08-29,0.9700000286102295,-0.11818181128541316,1.444024826141656,-1.0,0.11818181128541316,0.5982421518167321,0.020208333929379763
2023-08-30,0.8799999952316284,-0.09278353682891005,0.7159289859545075,0.0,-0.0,0.5982421518167321,0.018333333233992243
2023-08-31,0.9800000190734863,0.11363639134513459,1.2907712192097605,0.0,0.0,0.5982421518167321,0.020416667064030947
2023-09-01,0.9599999785423279,-0.020408204226431526,1.0409466403430825,0.0,-0.0,0.5982421518167321,0.019999999552965143
2023-09-05,0.8600000143051147,-0.1041666317420693,0.3249532415779646,0.0,-0.0,0.5982421518167321,0.01791666696468987
2023-09-06,0.8600000143051147,0.0,0.2911063878028852,0.0,0.0,0.5982421518167321,0.01791666696468987
2023-09-07,0.7799999713897705,-0.0930233041681805,-0.28882909123675254,0.0,-0.0,0.5982421518167321,0.016249999403953535
2023-09-08,0.7400000095367432,-0.05128200425668883,-0.5873087911884898,0.0,-0.0,0.5982421518167321,0.015416666865348799
2023-09-11,0.699999988079071,-0.05405408235428677,-0.8818635374398209,0.0,-0.0,0.5982421518167321,0.01458333308498063
2023-09-12,0.6899999976158142,-0.014285700905079524,-0.9597859508950345,0.0,-0.0,0.5982421518167321,0.014374999950329446
2023-09-13,1.0099999904632568,0.46376810717848116,1.1894618673225552,0.0,0.0,0.5982421518167321,0.021041666467984495
2023-09-14,1.0700000524520874,0.05940600253006956,1.437954984956867,0.0,0.0,0.5982421518167321,0.022291667759418463
2023-09-15,1.1399999856948853,0.0654204951508004,1.6784763367306992,0.0,0.0,0.5982421518167321,0.023749999701976752
2023-09-18,1.0199999809265137,-0.10526316339839759,0.8148912709703054,-1.0,0.10526316339839759,0.6612150131952258,0.02124999960263568
2023-09-19,1.0,-0.01960782480441492,0.6036172790380333,0.0,-0.0,0.6612150131952258,0.02083333333333331
2023-09-20,0.9900000095367432,-0.009999990463256836,0.4653005853154821,0.0,-0.0,0.6612150131952258,0.020625000198682127
2023-09-21,0.9399999976158142,-0.05050506205987393,0.0483876446963889,0.0,-0.0,0.6612150131952258,0.019583333283662775
2023-09-22,0.800000011920929,-0.14893615537231564,-0.9545858465962295,0.0,-0.0,0.6612150131952258,0.016666666915019335
2023-09-25,0.8100000023841858,0.012499987892806708,-0.7980574411210589,0.0,0.0,0.6612150131952258,0.01687500004967052
2023-09-26,0.8100000023841858,0.0,-0.7184314090003482,0.0,0.0,0.6612150131952258,0.01687500004967052
2023-09-27,0.8799999952316284,0.08641974400173069,-0.12804210057266693,0.0,0.0,0.6612150131952258,0.01833333323399224
2023-09-28,0.9200000166893005,0.045454570084564105,0.1759867767133233,0.0,0.0,0.6612150131952258,0.019166667014360407
2023-09-29,0.8399999737739563,-0.08695656680880426,-0.41098395668701737,0.0,-0.0,0.6612150131952258,0.01749999945362407
2023-10-02,0.800000011920929,-0.04761900369272076,-0.6663100371863678,0.0,-0.0,0.6612150131952258,0.016666666915019335
2023-10-03,0.8199999928474426,0.024999975785613415,-0.48693099613745233,0.0,0.0,0.6612150131952258,0.017083333184321703
2023-10-04,0.8500000238418579,0.036585403970846864,-0.2432553063979626,0.0,0.0,0.6612150131952258,0.017708333830038687
2023-10-05,0.7799999713897705,-0.08235300057486927,-0.8015470152011183,0.0,-0.0,0.6612150131952258,0.016249999403953535
2023-10-06,0.6899999976158142,-0.11538458599376378,-1.4598110893160332,0.0,-0.0,0.6612150131952258,0.014374999950329448
2023-10-09,0.6499999761581421,-0.057971045791138986,-1.6975002089767262,0.0,-0.0,0.6612150131952258,0.013541666169961279
2023-10-10,0.7099999785423279,0.09230769936149663,-1.2667339034353124,0.0,0.0,0.6612150131952258,0.014791666219631813
2023-10-11,0.6899999976158142,-0.028168988071767043,-1.274386145531977,0.0,-0.0,0.6612150131952258,0.014374999950329445
2023-10-12,0.7200000286102295,0.04347830593924007,-0.963223513823555,0.0,0.0,0.6612150131952258,0.015000000596046429
2023-10-13,0.7200000286102295,0.0,-0.9312914750166825,0.0,0.0,0.6612150131952258,0.015000000596046429
2023-10-16,0.6700000166893005,-0.06944445824181533,-1.29266848264694,0.0,-0.0,0.6612150131952258,0.013958333681027077
2023-10-17,0.7099999785423279,0.059701434114406204,-0.8403308697612245,0.0,0.0,0.6612150131952258,0.014791666219631811
2023-10-18,0.699999988079071,-0.014084494035883521,-0.8920777675571265,0.0,-0.0,0.6612150131952258,0.014583333084980627
2023-10-19,0.6800000071525574,-0.028571401810159047,-1.0614683313108444,0.0,-0.0,0.6612150131952258,0.014166666815678259
2023-10-20,0.6899999976158142,0.014705868173635617,-0.8501073901867776,0.0,0.0,0.6612150131952258,0.014374999950329441
2023-10-23,0.6200000047683716,-0.10144926534683552,-1.5286649043147256,0.0,-0.0,0.6612150131952258,0.012916666766007723
2023-10-24,0.5899999737739563,-0.0483871463930442,-1.6452151531490082,0.0,-0.0,0.6612150131952258,0.012291666120290739
2023-10-25,0.6499999761581421,0.10169492381566325,-0.8900864293051246,0.0,0.0,0.6612150131952258,0.013541666169961275
2023-10-26,0.7099999785423279,0.09230769936149663,-0.06367503957071338,0.0,0.0,0.6612150131952258,0.01479166621963181
2023-10-27,0.7300000190734863,0.028169072021973385,0.32612831572032697,0.0,0.0,0.6612150131952258,0.01520833373069761
2023-10-30,0.699999988079071,-0.04109593179530491,-0.06586285913594879,0.0,-0.0,0.6612150131952258,0.014583333084980625
2023-10-31,0.8600000143051147,0.2285714699297543,2.3603529090030095,0.0,0.0,0.6612150131952258,0.017916666964689864
2023-11-01,0.6299999952316284,-0.26744187819499954,-1.12435447738748,-1.0,0.26744187819499954,0.8380515982148885,0.013124999900658905
2023-11-02,0.6899999976158142,0.0952380997433595,-0.00921849113817561,0.0,0.0,0.8380515982148885,0.014374999950329441
2023-11-03,0.6899999976158142,0.0,-0.00921849113817561,0.0,0.0,0.8380515982148885,0.014374999950329441
2023-11-06,0.6600000262260437,-0.04347821955569664,-0.5752375381246687,0.0,-0.0,0.8380515982148885,0.013750000546375889
2023-11-07,0.5600000023841858,-0.1515151816185063,-2.0223599558431795,0.0,-0.0,0.8380515982148885,0.011666666716337185
2023-11-08,0.4000000059604645,-0.2857142781116525,-3.0584397815493585,1.0,-0.2857142781116525,0.598608290810605,0.008333333457509662
2023-11-09,0.38999998569488525,-0.025000050291418274,-2.4575452137247416,1.0,-0.025000050291418274,0.58364305343548,0.008124999701976762
2023-11-10,0.38999998569488525,0.0,-2.0422517803564784,1.0,0.0,0.58364305343548,0.008124999701976762
2023-11-13,0.3700000047683716,-0.05128200425668883,-1.8741892842831047,1.0,-0.05128200425668883,0.5537126678848148,0.007708333432674394
2023-11-14,0.3499999940395355,-0.05405408235428677,-1.7440746123404394,1.0,-0.05405408235428677,0.5237822377343572,0.00729166654249031
2023-11-15,0.36000001430511475,0.028571486959652947,-1.4789390543098726,0.0,0.0,0.5237822377343572,0.00750000029802321
2023-11-16,0.36000001430511475,0.0,-1.3201212818192531,0.0,0.0,0.5237822377343572,0.00750000029802321
2023-11-17,0.38999998569488525,0.08333325054910778,-1.022976057213953,0.0,0.0,0.5237822377343572,0.00812499970197676
2023-11-20,0.4099999964237213,0.05128208067290285,-0.8218356840484059,0.0,0.0,0.5237822377343572,0.008541666592160845
2023-11-21,0.3799999952316284,-0.07317073525310203,-0.9206029566584726,0.0,-0.0,0.5237822377343572,0.007916666567325576
2023-11-22,0.3700000047683716,-0.026315764707210976,-0.888769508901082,0.0,-0.0,0.5237822377343572,0.007708333432674393
2023-11-24,0.38999998569488525,0.054054001807470664,-0.691173109848037,0.0,0.0,0.5237822377343572,0.008124999701976762
2023-11-27,0.3499999940395355,-0.10256408492959168,-0.8473287580454908,0.0,-0.0,0.5237822377343572,0.00729166654249031
2023-11-28,0.3400000035762787,-0.028571401810159047,-0.8246606400050351,0.0,-0.0,0.5237822377343572,0.007083333407839126
2023-11-29,0.2800000011920929,-0.17647059339140525,-1.2284227956290517,0.0,-0.0,0.5237822377343572,0.005833333358168591
2023-11-30,0.27000001072883606,-0.035714251502436234,-1.1953283708159617,0.0,-0.0,0.5237822377343572,0.005625000223517407
2023-12-01,0.25,-0.07407411086706317,-1.3019522878462955,0.0,-0.0,0.5237822377343572,0.0052083333333333235
2023-12-04,0.23999999463558197,-0.04000002145767212,-1.4114946061983373,0.0,-0.0,0.5237822377343572,0.0049999998882412815
2023-12-05,0.25,0.04166668994973155,-1.4365907834496312,0.0,0.0,0.5237822377343572,0.0052083333333333235
2023-12-06,0.20000000298023224,-0.19999998807907104,-2.151768807288573,0.0,-0.0,0.5237822377343572,0.00416666672875483
2023-12-07,0.1899999976158142,-0.05000002607703169,-1.9567901927352285,1.0,-0.05000002607703169,0.4975931121889533,0.003958333283662788
2023-12-08,0.1899999976158142,0.0,-1.7012140931418787,1.0,0.0,0.4975931121889533,0.003958333283662788
2023-12-11,0.1599999964237213,-0.15789474509759638,-1.8132457640087014,0.0,-0.0,0.4975931121889533,0.0033333332588275206
2023-12-12,0.15000000596046448,-0.062499941792337754,-1.6842998975529253,1.0,-0.062499941792337754,0.4664935716408755,0.003125000124176337
2023-12-13,0.17000000178813934,0.13333330021964307,-1.2964448295528626,0.0,0.0,0.4664935716408755,0.003541666703919562
2023-12-14,0.1599999964237213,-0.05882356034843117,-1.263090230964627,0.0,-0.0,0.4664935716408755,0.0033333332588275206
2023-12-15,0.15000000596046448,-0.062499941792337754,-1.233572168731546,0.0,-0.0,0.4664935716408755,0.003125000124176337
2023-12-18,0.15000000596046448,0.0,-1.1233930306491058,0.0,0.0,0.4664935716408755,0.003125000124176337
2023-12-19,0.14000000059604645,-0.06666669978035689,-1.1436351747014242,0.0,-0.0,0.4664935716408755,0.002916666679084295
2023-12-20,0.20000000298023224,0.428571443776695,-0.3737724733336811,0.0,0.0,0.4664935716408755,0.004166666728754829
2023-12-21,0.20999999344348907,0.04999995157122683,-0.16384325981832137,0.0,0.0,0.4664935716408755,0.0043749998634060126
2023-12-22,0.1599999964237213,-0.23809523133734167,-0.8043439426938258,0.0,-0.0,0.4664935716408755,0.0033333332588275197
2023-12-26,0.14000000059604645,-0.12499997671693508,-1.0840930155271238,0.0,-0.0,0.4664935716408755,0.0029166666790842945
2023-12-27,0.4300000071525574,2.0714286094417376,3.256687409035182,0.0,0.0,0.4664935716408755,0.008958333482344925
2023-12-28,0.2800000011920929,-0.3488372173613634,1.0903764676898267,-1.0,0.3488372173613634,0.6292238910890423,0.005833333358168589
2023-12-29,0.33000001311302185,0.17857147038591137,1.6688448345864415,0.0,0.0,0.6292238910890423,0.00687500027318794
2024-01-02,0.46000000834465027,0.3939393638360391,2.619834557581862,-1.0,-0.3939393638360391,0.3813478317229878,0.009583333507180193
2024-01-03,0.28999999165534973,-0.36956524696827786,0.7419937465354169,-1.0,0.36956524696827786,0.5222807373345111,0.006041666492819772
2024-01-04,0.23000000417232513,-0.20689651451552982,0.11236978442223655,0.0,-0.0,0.5222807373345111,0.004791666753590096
2024-01-05,0.1899999976158142,-0.1739130688299524,-0.3099019288590224,0.0,-0.0,0.5222807373345111,0.0039583332836627865
2024-01-08,0.20000000298023224,0.05263160784158716,-0.2086866741539557,0.0,0.0,0.5222807373345111,0.0041666667287548285
2024-01-09,0.17000000178813934,-0.1500000037252902,-0.5166179193997779,0.0,-0.0,0.5222807373345111,0.0035416667039195613
2024-01-10,0.1599999964237213,-0.05882356034843117,-0.6231371353111449,0.0,-0.0,0.5222807373345111,0.0033333332588275197
2024-01-11,0.1599999964237213,0.0,-0.630869390189314,0.0,0.0,0.5222807373345111,0.0033333332588275197
2024-01-12,0.15000000596046448,-0.062499941792337754,-0.7220378190973298,0.0,-0.0,0.5222807373345111,0.003125000124176336
2024-01-16,0.15000000596046448,0.0,-0.7140747327633437,0.0,0.0,0.5222807373345111,0.003125000124176336
2024-01-17,0.18000000715255737,0.19999999999999996,-0.4165142928280682,0.0,0.0,0.5222807373345111,0.0037500001490116033
2024-01-18,0.14000000059604645,-0.22222224981696403,-0.8346813912411956,0.0,-0.0,0.5222807373345111,0.0029166666790842945
2024-01-19,0.1599999964237213,0.14285711244661004,-0.6379166403171451,0.0,0.0,0.5222807373345111,0.00333333325882752
2024-01-22,0.14000000059604645,-0.12499997671693508,-0.806251136510552,0.0,-0.0,0.5222807373345111,0.002916666679084295
2024-01-23,0.14000000059604645,0.0,-0.7571461422821102,0.0,0.0,0.5222807373345111,0.002916666679084295
2024-01-24,0.10999999940395355,-0.2142857218883475,-1.0204367336077311,0.0,-0.0,0.5222807373345111,0.0022916666542490277
2024-01-25,0.11999999731779099,0.09090907243657687,-0.9009589391863088,0.0,0.0,0.5222807373345111,0.0024999999441206403
2024-01-26,0.11999999731779099,0.0,-0.8557404368741238,0.0,0.0,0.5222807373345111,0.0024999999441206403
2024-01-29,0.11999999731779099,0.0,-0.7719708312996405,0.0,0.0,0.5222807373345111,0.0024999999441206403
2024-01-30,0.10999999940395355,-0.08333331781129005,-0.8128342835415381,0.0,-0.0,0.5222807373345111,0.0022916666542490277
2024-01-31,0.11999999731779099,0.09090907243657687,-0.8551238106875068,0.0,0.0,0.5222807373345111,0.0024999999441206403
2024-02-01,0.10999999940395355,-0.08333331781129005,-1.1792845255157893,0.0,-0.0,0.5222807373345111,0.0022916666542490277
2024-02-02,0.10999999940395355,0.0,-1.1736962806503972,0.0,0.0,0.5222807373345111,0.0022916666542490277
2024-02-05,0.10999999940395355,0.0,-1.084738014185889,0.0,0.0,0.5222807373345111,0.0022916666542490277
2024-02-06,0.10999999940395355,0.0,-1.0525182668858966,0.0,0.0,0.5222807373345111,0.0022916666542490277
2024-02-07,0.10000000149011612,-0.09090907243657698,-1.3526116636112007,0.0,-0.0,0.5222807373345111,0.0020833333643774147
2024-02-08,0.10999999940395355,0.09999997764825852,-0.8293115125761569,0.0,0.0,0.5222807373345111,0.0022916666542490273
2024-02-09,0.11999999731779099,0.09090907243657687,-0.3081296107003694,0.0,0.0,0.5222807373345111,0.00249999994412064
2024-02-12,0.10999999940395355,-0.08333331781129005,-0.7024837621821284,0.0,-0.0,0.5222807373345111,0.0022916666542490273
2024-02-13,0.10999999940395355,0.0,-0.6260303695947788,0.0,0.0,0.5222807373345111,0.0022916666542490273
2024-02-14,0.10999999940395355,0.0,-0.606779683356314,0.0,0.0,0.5222807373345111,0.0022916666542490273
2024-02-15,0.11999999731779099,0.09090907243657687,0.1429337747795148,0.0,0.0,0.5222807373345111,0.00249999994412064
2024-02-16,0.11999999731779099,0.0,0.402121612937652,0.0,0.0,0.5222807373345111,0.00249999994412064
2024-02-20,0.12999999523162842,0.08333331781129005,1.6346462416648138,0.0,0.0,0.5222807373345111,0.0027083332339922525
2024-02-21,0.11999999731779099,-0.0769230636971937,0.8013594593909046,-1.0,0.0769230636971937,0.5624561717603109,0.00249999994412064
2024-02-22,0.11999999731779099,0.0,0.7264821516292119,0.0,0.0,0.5624561717603109,0.00249999994412064
2024-02-23,0.10999999940395355,-0.08333331781129005,-0.65565773950165,0.0,-0.0,0.5624561717603109,0.0022916666542490273
